congress,chamber,bioguide,firstname,middlename,lastname,suffix,birthday,state,party,incumbent,termstart,age
113,house,H000067,Ralph,M.,Hall,,1923-05-03,TX,R,Yes,2013-01-03,89.7
113,house,D000355,John,D.,Dingell,,1926-07-08,MI,D,Yes,2013-01-03,86.5
113,house,C000714,John,,Conyers,Jr.,1929-05-16,MI,D,Yes,2013-01-03,83.6
113,house,S000480,Louise,McIntosh,Slaughter,,1929-08-14,NY,D,Yes,2013-01-03,83.4
113,house,R000053,Charles,B.,Rangel,,1930-06-11,NY,D,Yes,2013-01-03,82.6
113,house,J000174,Sam,Robert,Johnson,,1930-10-11,TX,R,Yes,2013-01-03,82.2
113,house,Y000031,C.,W. Bill,Young,,1930-12-16,FL,R,Yes,2013-01-03,82.1
113,house,C000556,Howard,,Coble,,1931-03-18,NC,R,Yes,2013-01-03,81.8
113,house,L000263,Sander,M.,Levin,,1931-09-06,MI,D,Yes,2013-01-03,81.3
113,house,Y000033,Don,E.,Young,,1933-06-09,AK,R,Yes,2013-01-03,79.6
113,house,J000126,Eddie,Bernice,Johnson,,1935-12-03,TX,D,Yes,2013-01-03,77.1
113,house,H000324,Alcee,L.,Hastings,,1936-09-05,FL,D,Yes,2013-01-03,76.3
113,house,N000179,Grace,F.,Napolitano,,1936-12-04,CA,D,Yes,2013-01-03,76.1
113,house,M000404,Jim,A.,McDermott,,1936-12-28,WA,D,Yes,2013-01-03,76.0
113,house,P000096,Bill,J.,Pascrell,Jr.,1937-01-25,NJ,D,Yes,2013-01-03,75.9
113,house,L000480,Nita,M.,Lowey,,1937-07-05,NY,D,Yes,2013-01-03,75.5
113,house,R000395,Harold,,Rogers,,1937-12-31,KY,R,Yes,2013-01-03,75.0
113,house,C001036,Lois,,Capps,,1938-01-10,CA,D,Yes,2013-01-03,75.0
113,house,W000187,Maxine,,Waters,,1938-08-15,CA,D,Yes,2013-01-03,74.4
113,house,M000508,Howard,P.,McKeon,,1938-09-09,CA,R,Yes,2013-01-03,74.3
113,house,W000672,Frank,R.,Wolf,,1939-01-30,VA,R,Yes,2013-01-03,73.9
113,house,H000874,Steny,H.,Hoyer,,1939-06-14,MD,D,Yes,2013-01-03,73.6
113,house,W000215,Henry,A.,Waxman,,1939-09-12,CA,D,Yes,2013-01-03,73.3
113,house,P000373,Joseph,R.,Pitts,,1939-10-10,PA,R,Yes,2013-01-03,73.2
113,house,L000287,John,R.,Lewis,,1940-02-21,GA,D,Yes,2013-01-03,72.9
113,house,P000197,Nancy,,Pelosi,,1940-03-26,CA,D,Yes,2013-01-03,72.8
113,house,P000265,Thomas,E.,Petri,,1940-05-28,WI,R,Yes,2013-01-03,72.6
113,house,C000537,James,E.,Clyburn,,1940-07-21,SC,D,Yes,2013-01-03,72.5
113,house,P000523,David,E.,Price,,1940-08-17,NC,D,Yes,2013-01-03,72.4
113,house,H000636,Rubén,E.,Hinojosa,,1940-08-20,TX,D,Yes,2013-01-03,72.4
113,house,H000329,Doc,,Hastings,,1941-02-07,WA,R,Yes,2013-01-03,71.9
113,house,L000579,Alan,S.,Lowenthal,,1941-03-08,CA,D,No,2013-01-03,71.8
113,house,R000486,Lucille,,Roybal-Allard,,1941-06-12,CA,D,Yes,2013-01-03,71.6
113,house,H001034,Michael,M.,Honda,,1941-06-27,CA,D,Yes,2013-01-03,71.5
113,house,F000030,Sam,,Farr,,1941-07-04,CA,D,Yes,2013-01-03,71.5
113,house,N000187,Gloria,,Negrete McLeod,,1941-09-06,CA,D,No,2013-01-03,71.3
113,house,D000096,Danny,K.,Davis,,1941-09-06,IL,D,Yes,2013-01-03,71.3
113,house,C001051,John,R.,Carter,,1941-11-06,TX,R,Yes,2013-01-03,71.2
113,house,G000550,Phil,,Gingrey,,1942-07-10,GA,R,Yes,2013-01-03,70.5
113,house,W000808,Frederica,S.,Wilson,,1942-11-05,FL,D,Yes,2013-01-03,70.2
113,house,E000215,Anna,G.,Eshoo,,1942-12-13,CA,D,Yes,2013-01-03,70.1
113,house,G000377,Kay,,Granger,,1943-01-18,TX,R,Yes,2013-01-03,70.0
113,house,M000689,John,L.,Mica,,1943-01-27,FL,R,Yes,2013-01-03,69.9
113,house,J000255,Walter,B.,Jones,Jr.,1943-02-10,NC,R,Yes,2013-01-03,69.9
113,house,D000216,Rosa,L.,DeLauro,,1943-03-02,CT,D,Yes,2013-01-03,69.8
113,house,C001094,Paul,,Cook,,1943-03-03,CA,R,No,2013-01-03,69.8
113,house,W000413,Ed,,Whitfield,,1943-05-25,KY,R,Yes,2013-01-03,69.6
113,house,S000244,F.,James,Sensenbrenner,Jr.,1943-06-14,WI,R,Yes,2013-01-03,69.6
113,house,P000099,Ed,,Pastor,,1943-06-28,AZ,D,Yes,2013-01-03,69.5
113,house,F000450,Virginia,,Foxx,,1943-06-29,NC,R,Yes,2013-01-03,69.5
113,house,S000248,José,E.,Serrano,,1943-10-24,NY,D,Yes,2013-01-03,69.2
113,house,N000127,Richard,M.,Nolan,,1943-12-17,MN,D,No,2013-01-03,69.0
113,house,M000309,Carolyn,,McCarthy,,1944-01-05,NY,D,Yes,2013-01-03,69.0
113,house,K000210,Peter,T.,King,,1944-04-05,NY,R,Yes,2013-01-03,68.7
113,house,D000598,Susan,A.,Davis,,1944-04-13,CA,D,Yes,2013-01-03,68.7
113,house,S001145,Janice,D.,Schakowsky,,1944-05-26,IL,D,Yes,2013-01-03,68.6
113,house,P000258,Collin,Clark,Peterson,,1944-06-29,MN,D,Yes,2013-01-03,68.5
113,house,C001045,Ander,,Crenshaw,,1944-09-01,FL,R,Yes,2013-01-03,68.3
113,house,M001163,Doris,O.,Matsui,,1944-09-25,CA,D,Yes,2013-01-03,68.3
113,house,C001061,Emanuel,,Cleaver,II,1944-10-26,MO,D,Yes,2013-01-03,68.2
113,house,G000559,John,,Garamendi,,1945-01-24,CA,D,Yes,2013-01-03,67.9
113,house,B001227,Robert,A.,Brady,,1945-04-07,PA,D,Yes,2013-01-03,67.7
113,house,M000933,James,P.,Moran,Jr.,1945-05-16,VA,D,Yes,2013-01-03,67.6
113,house,M000725,George,,Miller,,1945-05-17,CA,D,Yes,2013-01-03,67.6
113,house,S001157,David,,Scott,,1945-06-27,GA,D,Yes,2013-01-03,67.5
113,house,R000582,David,P.,Roe,,1945-07-21,TN,R,Yes,2013-01-03,67.5
113,house,B001279,Ron,,Barber,,1945-08-25,AZ,D,Yes,2013-01-03,67.4
113,house,W000207,Melvin,L.,Watt,,1945-08-26,NC,D,Yes,2013-01-03,67.4
113,house,R000576,C.,A. Dutch,Ruppersberger,,1946-01-31,MD,D,Yes,2013-01-03,66.9
113,house,M000087,Carolyn,B.,Maloney,,1946-02-19,NY,D,Yes,2013-01-03,66.9
113,house,T000465,Niki,S.,Tsongas,,1946-04-26,MA,D,Yes,2013-01-03,66.7
113,house,F000372,Rodney,P.,Frelinghuysen,,1946-04-29,NJ,R,Yes,2013-01-03,66.7
113,house,L000554,Frank,A.,LoBiondo,,1946-05-12,NJ,R,Yes,2013-01-03,66.6
113,house,B001262,Paul,C.,Broun,Jr.,1946-05-14,GA,R,Yes,2013-01-03,66.6
113,house,K000009,Marcy,,Kaptur,,1946-06-17,OH,D,Yes,2013-01-03,66.5
113,house,M000133,Edward,J.,Markey,,1946-07-11,MA,D,Yes,2013-01-03,66.5
113,house,L000551,Barbara,,Lee,,1946-07-16,CA,D,Yes,2013-01-03,66.5
113,house,D000399,Lloyd,A.,Doggett,,1946-10-06,TX,D,Yes,2013-01-03,66.2
113,house,B000911,Corrine,,Brown,,1946-11-11,FL,D,Yes,2013-01-03,66.1
113,house,R000515,Bobby,L.,Rush,,1946-11-23,IL,D,Yes,2013-01-03,66.1
113,house,A000361,Rodney,M.,Alexander,,1946-12-05,LA,R,Yes,2013-01-03,66.1
113,house,B000490,Sanford,D.,Bishop,Jr.,1947-02-04,GA,D,Yes,2013-01-03,65.9
113,house,E000179,Eliot,L.,Engel,,1947-02-18,NY,D,Yes,2013-01-03,65.9
113,house,M001180,David,B.,McKinley,,1947-03-28,WV,R,Yes,2013-01-03,65.8
113,house,B001251,George,Kenneth,Butterfield,Jr.,1947-04-27,NC,D,Yes,2013-01-03,65.7
113,house,S000185,Robert,C.,Scott,,1947-04-30,VA,D,Yes,2013-01-03,65.7
113,house,W000800,Peter,,Welch,,1947-05-02,VT,D,Yes,2013-01-03,65.7
113,house,D000191,Peter,A.,DeFazio,,1947-05-27,OR,D,Yes,2013-01-03,65.6
113,house,N000002,Jerrold,L.,Nadler,,1947-06-13,NY,D,Yes,2013-01-03,65.6
113,house,R000409,Dana,T.,Rohrabacher,,1947-06-21,CA,R,Yes,2013-01-03,65.5
113,house,D000533,John,J.,Duncan,Jr.,1947-07-21,TN,R,Yes,2013-01-03,65.5
113,house,W000795,Joe,G.,Wilson,,1947-07-31,SC,R,Yes,2013-01-03,65.4
113,house,P000588,Stevan,E.,Pearce,,1947-08-24,NM,R,Yes,2013-01-03,65.4
113,house,G000553,Al,,Green,,1947-09-01,TX,D,Yes,2013-01-03,65.3
113,house,K000363,John,Paul,Kline,,1947-09-06,MN,R,Yes,2013-01-03,65.3
113,house,G000410,Gene,Eugene,Green,,1947-10-17,TX,D,Yes,2013-01-03,65.2
113,house,Y000062,John,A.,Yarmuth,,1947-11-04,KY,D,Yes,2013-01-03,65.2
113,house,S000583,Lamar,S.,Smith,,1947-11-19,TX,R,Yes,2013-01-03,65.1
113,house,P000599,Bill,,Posey,,1947-12-18,FL,R,Yes,2013-01-03,65.0
113,house,L000397,Zoe,,Lofgren,,1947-12-21,CA,D,Yes,2013-01-03,65.0
113,house,B000013,Spencer,Thomas,Bachus,III,1947-12-28,AL,R,Yes,2013-01-03,65.0
113,house,T000193,Bennie,G.,Thompson,,1948-01-28,MS,D,Yes,2013-01-03,64.9
113,house,G000551,Raúl,M.,Grijalva,,1948-02-19,AZ,D,Yes,2013-01-03,64.9
113,house,K000376,Mike,,Kelly,,1948-05-10,PA,R,Yes,2013-01-03,64.7
113,house,F000462,Lois,,Frankel,,1948-05-16,FL,D,No,2013-01-03,64.6
113,house,C001062,K.,Michael,Conaway,,1948-06-11,TX,R,Yes,2013-01-03,64.6
113,house,L000111,Tom,P.,Latham,,1948-07-14,IA,R,Yes,2013-01-03,64.5
113,house,L000557,John,B.,Larson,,1948-07-22,CT,D,Yes,2013-01-03,64.5
113,house,P000606,Robert,,Pittenger,,1948-08-15,NC,R,No,2013-01-03,64.4
113,house,B000574,Earl,,Blumenauer,,1948-08-16,OR,D,Yes,2013-01-03,64.4
113,house,P000592,Ted,,Poe,,1948-09-10,TX,R,Yes,2013-01-03,64.3
113,house,S001162,Allyson,Y.,Schwartz,,1948-10-03,PA,D,Yes,2013-01-03,64.3
113,house,H001032,Rush,D.,Holt,,1948-10-15,NJ,D,Yes,2013-01-03,64.2
113,house,M001139,Gary,G.,Miller,,1948-10-16,CA,R,Yes,2013-01-03,64.2
113,house,O000169,William,L.,Owens,,1949-01-20,NY,D,Yes,2013-01-03,64.0
113,house,N000015,Richard,E.,Neal,,1949-02-14,MA,D,Yes,2013-01-03,63.9
113,house,W000806,Daniel,,Webster,,1949-04-27,FL,R,Yes,2013-01-03,63.7
113,house,C001053,Tom,,Cole,,1949-04-28,OK,R,Yes,2013-01-03,63.7
113,house,R000011,Nick,J.,Rahall,II,1949-05-20,WV,D,Yes,2013-01-03,63.6
113,house,C001068,Steve,,Cohen,,1949-05-24,TN,D,Yes,2013-01-03,63.6
113,house,K000362,Steve,A.,King,,1949-05-28,IA,R,Yes,2013-01-03,63.6
113,house,T000469,Paul,,Tonko,,1949-06-18,NY,D,Yes,2013-01-03,63.5
113,house,V000108,Peter,J.,Visclosky,,1949-08-13,IN,D,Yes,2013-01-03,63.4
113,house,W000816,Roger,,Williams,,1949-09-13,TX,R,No,2013-01-03,63.3
113,house,B000213,Joe,Linus,Barton,,1949-09-15,TX,R,Yes,2013-01-03,63.3
113,house,E000292,William,L.,Enyart,,1949-09-22,IL,D,No,2013-01-03,63.3
113,house,B000589,John,A.,Boehner,,1949-11-17,OH,R,Yes,2013-01-03,63.1
113,house,N000182,Randy,,Neugebauer,,1949-12-24,TX,R,Yes,2013-01-03,63.0
113,house,J000032,Sheila,,Jackson Lee,,1950-01-12,TX,D,Yes,2013-01-03,63.0
113,house,B001281,Joyce,,Beatty,,1950-03-12,OH,D,No,2013-01-03,62.8
113,house,K000368,Ann,,Kirkpatrick,,1950-03-24,AZ,D,No,2013-01-03,62.8
113,house,C001078,Gerald,E.,Connolly,,1950-03-30,VA,D,Yes,2013-01-03,62.8
113,house,W000796,Lynn,A.,Westmoreland,,1950-04-02,GA,R,Yes,2013-01-03,62.8
113,house,S001175,Jackie,,Speier,,1950-05-14,CA,D,Yes,2013-01-03,62.6
113,house,C001092,Chris,,Collins,,1950-05-20,NY,R,No,2013-01-03,62.6
113,house,T000468,Dina,,Titus,,1950-05-23,NV,D,No,2013-01-03,62.6
113,house,B001242,Timothy,H.,Bishop,,1950-06-01,NY,D,Yes,2013-01-03,62.6
113,house,R000578,David,G.,Reichert,,1950-08-29,WA,R,Yes,2013-01-03,62.3
113,house,S001148,Michael,K.,Simpson,,1950-09-08,ID,R,Yes,2013-01-03,62.3
113,house,E000172,Jo Ann,H.,Emerson,,1950-09-16,MO,R,Yes,2013-01-03,62.3
113,house,B001248,Michael,C.,Burgess,,1950-12-23,TX,R,Yes,2013-01-03,62.0
113,house,B001273,Diane,,Black,,1951-01-16,TN,R,Yes,2013-01-03,62.0
113,house,C000984,Elijah,E.,Cummings,,1951-01-18,MD,D,Yes,2013-01-03,62.0
113,house,T000460,Mike,Michael,Thompson,,1951-01-24,CA,D,Yes,2013-01-03,61.9
113,house,H001051,Richard,L.,Hanna,,1951-01-25,NY,R,Yes,2013-01-03,61.9
113,house,S001165,Albio,,Sires,,1951-01-26,NJ,D,Yes,2013-01-03,61.9
113,house,M001158,Kenny,Ewell,Marchant,,1951-02-23,TX,R,Yes,2013-01-03,61.9
113,house,W000798,Tim,,Walberg,,1951-04-12,MI,R,Yes,2013-01-03,61.7
113,house,M001160,Gwen,,Moore,,1951-04-18,WI,D,Yes,2013-01-03,61.7
113,house,H001050,Colleen,W.,Hanabusa,,1951-05-04,HI,D,Yes,2013-01-03,61.7
113,house,B001260,Vern,,Buchanan,,1951-05-08,FL,R,Yes,2013-01-03,61.7
113,house,N000185,Richard,B.,Nugent,,1951-05-26,FL,R,Yes,2013-01-03,61.6
113,house,M001166,Jerry,,McNerney,,1951-06-18,CA,D,Yes,2013-01-03,61.5
113,house,F000456,John,,Fleming,,1951-07-05,LA,R,Yes,2013-01-03,61.5
113,house,B001250,Rob,,Bishop,,1951-07-13,UT,R,Yes,2013-01-03,61.5
113,house,T000266,John,F.,Tierney,,1951-09-18,MA,D,Yes,2013-01-03,61.3
113,house,B001280,Kerry,L.,Bentivolio,,1951-10-06,MI,R,No,2013-01-03,61.2
113,house,R000487,Edward,R.,Royce,,1951-10-12,CA,R,Yes,2013-01-03,61.2
113,house,S001180,Kurt,,Schrader,,1951-10-19,OR,D,Yes,2013-01-03,61.2
113,house,P000034,Frank,J.,Pallone,Jr.,1951-10-30,NJ,D,Yes,2013-01-03,61.2
113,house,C001037,Michael,E.,Capuano,,1952-01-09,MA,D,Yes,2013-01-03,61.0
113,house,F000445,J.,Randy,Forbes,,1952-02-17,VA,R,Yes,2013-01-03,60.9
113,house,H001063,Janice,,Hahn,,1952-03-30,CA,D,Yes,2013-01-03,60.8
113,house,C001059,Jim,,Costa,,1952-04-13,CA,D,Yes,2013-01-03,60.7
113,house,B001271,Dan,,Benishek,,1952-04-20,MI,R,Yes,2013-01-03,60.7
113,house,L000569,Blaine,,Luetkemeyer,,1952-05-07,MO,R,Yes,2013-01-03,60.7
113,house,B001243,Marsha,W.,Blackburn,,1952-06-06,TN,R,Yes,2013-01-03,60.6
113,house,L000567,Leonard,,Lance,,1952-06-25,NJ,R,Yes,2013-01-03,60.5
113,house,R000435,Ileana,,Ros-Lehtinen,,1952-07-15,FL,R,Yes,2013-01-03,60.5
113,house,H001064,Denny,,Heck,,1952-07-29,WA,D,No,2013-01-03,60.4
113,house,M001179,Tom,,Marino,,1952-08-15,PA,R,Yes,2013-01-03,60.4
113,house,B001285,Julia,,Brownley,,1952-08-28,CA,D,No,2013-01-03,60.4
113,house,K000375,William,R.,Keating,,1952-09-06,MA,D,Yes,2013-01-03,60.3
113,house,M001151,Tim,,Murphy,,1952-09-11,PA,R,Yes,2013-01-03,60.3
113,house,G000289,Bob,W.,Goodlatte,,1952-09-22,VA,R,Yes,2013-01-03,60.3
113,house,F000455,Marcia,L.,Fudge,,1952-10-29,OH,D,Yes,2013-01-03,60.2
113,house,S001170,Carol,,Shea-Porter,,1952-12-02,NH,D,No,2013-01-03,60.1
113,house,L000565,David,,Loebsack,,1952-12-23,IA,D,Yes,2013-01-03,60.0
113,house,C000266,Steve,J.,Chabot,,1953-01-22,OH,R,Yes,2013-01-03,59.9
113,house,S000522,Christopher,H.,Smith,,1953-03-04,NJ,R,Yes,2013-01-03,59.8
113,house,V000081,Nydia,M.,Velázquez,,1953-03-28,NY,D,Yes,2013-01-03,59.8
113,house,C001069,Joe,,Courtney,,1953-04-06,CT,D,Yes,2013-01-03,59.7
113,house,U000031,Fred,Stephen,Upton,,1953-04-23,MI,R,Yes,2013-01-03,59.7
113,house,P000593,Ed,,Perlmutter,,1953-05-01,CO,D,Yes,2013-01-03,59.7
113,house,C000059,Ken,S.,Calvert,,1953-06-08,CA,R,Yes,2013-01-03,59.6
113,house,W000814,Randy,K.,Weber,,1953-07-02,TX,R,No,2013-01-03,59.5
113,house,C001080,Judy,M.,Chu,,1953-07-07,CA,D,Yes,2013-01-03,59.5
113,house,C000071,Dave,Lee,Camp,,1953-07-09,MI,R,Yes,2013-01-03,59.5
113,house,D000482,Michael,F.,Doyle,Jr.,1953-08-05,PA,D,Yes,2013-01-03,59.4
113,house,G000552,Louie,B.,Gohmert,Jr.,1953-08-18,TX,R,Yes,2013-01-03,59.4
113,house,M001137,Gregory,W.,Meeks,,1953-09-25,NY,D,Yes,2013-01-03,59.3
113,house,B001270,Karen,,Bass,,1953-10-03,CA,D,Yes,2013-01-03,59.3
113,house,I000056,Darrell,E.,Issa,,1953-11-01,CA,R,Yes,2013-01-03,59.2
113,house,C001047,Shelley,Moore,Capito,,1953-11-26,WV,R,Yes,2013-01-03,59.1
113,house,G000535,Luis,V.,Gutiérrez,,1953-12-10,IL,D,Yes,2013-01-03,59.1
113,house,F000461,Bill,,Flores,,1954-02-25,TX,R,Yes,2013-01-03,58.9
113,house,B001274,Mo,,Brooks,,1954-04-29,AL,R,Yes,2013-01-03,58.7
113,house,M001150,Candice,S.,Miller,,1954-05-07,MI,R,Yes,2013-01-03,58.7
113,house,L000564,Doug,,Lamborn,,1954-05-24,CO,R,Yes,2013-01-03,58.6
113,house,G000563,Bob,,Gibbs,,1954-06-14,OH,R,Yes,2013-01-03,58.6
113,house,C000754,Jim,,Cooper,,1954-06-19,TN,D,Yes,2013-01-03,58.5
113,house,M001143,Betty,Louise,McCollum,,1954-07-12,MN,D,Yes,2013-01-03,58.5
113,house,L000571,Cynthia,M.,Lummis,,1954-09-10,WY,R,Yes,2013-01-03,58.3
113,house,J000288,Henry,C.,Johnson,Jr.,1954-10-02,GA,D,Yes,2013-01-03,58.3
113,house,P000591,Tom,,Price,,1954-10-08,GA,R,Yes,2013-01-03,58.2
113,house,B001278,Suzanne,,Bonamici,,1954-10-14,OR,D,Yes,2013-01-03,58.2
113,house,S000344,Brad,J.,Sherman,,1954-10-24,CA,D,Yes,2013-01-03,58.2
113,house,J000292,Bill,,Johnson,,1954-11-10,OH,R,Yes,2013-01-03,58.1
113,house,M001149,Michael,H.,Michaud,,1955-01-18,ME,D,Yes,2013-01-03,58.0
113,house,B001289,Bradley,,Byrne,,1955-02-16,AL,R,No,2013-01-03,57.9
113,house,G000549,Jim,,Gerlach,,1955-02-25,PA,R,Yes,2013-01-03,57.9
113,house,C001077,Mike,,Coffman,,1955-03-19,CO,R,Yes,2013-01-03,57.8
113,house,S000250,Pete,A.,Sessions,,1955-03-22,TX,R,Yes,2013-01-03,57.8
113,house,L000562,Stephen,F.,Lynch,,1955-03-31,MA,D,Yes,2013-01-03,57.8
113,house,P000597,Chellie,,Pingree,,1955-04-02,ME,D,Yes,2013-01-03,57.8
113,house,B000755,Kevin,P.,Brady,,1955-04-11,TX,R,Yes,2013-01-03,57.7
113,house,Y000065,Ted,S.,Yoho,,1955-04-13,FL,R,No,2013-01-03,57.7
113,house,K000220,Jack,,Kingston,,1955-04-24,GA,R,Yes,2013-01-03,57.7
113,house,C001064,John,Bayard Taylor,Campbell,III,1955-07-19,CA,R,Yes,2013-01-03,57.5
113,house,L000576,Billy,,Long,,1955-08-11,MO,R,Yes,2013-01-03,57.4
113,house,C001063,Henry,,Cuellar,,1955-09-19,TX,D,Yes,2013-01-03,57.3
113,house,F000454,Bill,,Foster,,1955-10-07,IL,D,No,2013-01-03,57.2
113,house,M001181,Patrick,,Meehan,,1955-10-20,PA,R,Yes,2013-01-03,57.2
113,house,B001252,John,,Barrow,,1955-10-31,GA,D,Yes,2013-01-03,57.2
113,house,B001269,Lou,,Barletta,,1956-01-28,PA,R,Yes,2013-01-03,56.9
113,house,B001255,Charles,W.,Boustany,Jr.,1956-02-21,LA,R,Yes,2013-01-03,56.9
113,house,R000587,Reid,J.,Ribble,,1956-04-05,WI,R,Yes,2013-01-03,56.7
113,house,B001256,Michele,Marie,Bachmann,,1956-04-06,MN,R,Yes,2013-01-03,56.7
113,house,L000566,Robert,E.,Latta,,1956-04-18,OH,R,Yes,2013-01-03,56.7
113,house,K000385,Robin,,Kelly,,1956-04-30,IL,D,No,2013-01-03,56.7
113,house,C001083,John,C.,Carney,,1956-05-20,DE,D,Yes,2013-01-03,56.6
113,house,H001045,Gregg,,Harper,,1956-06-01,MS,R,Yes,2013-01-03,56.6
113,house,M001177,Tom,,McClintock,,1956-07-10,CA,R,Yes,2013-01-03,56.5
113,house,C001049,Wm.,Lacy,Clay,Jr.,1956-07-27,MO,D,Yes,2013-01-03,56.4
113,house,M000485,Mike,,McIntyre,,1956-08-06,NC,D,Yes,2013-01-03,56.4
113,house,C001048,John,Abney,Culberson,,1956-08-24,TX,R,Yes,2013-01-03,56.4
113,house,K000382,Ann,M.,Kuster,,1956-09-05,NH,D,No,2013-01-03,56.3
113,house,T000470,Scott,R.,Tipton,,1956-11-09,CO,R,Yes,2013-01-03,56.2
113,house,S000937,Steve,,Stockman,,1956-11-14,TX,R,No,2013-01-03,56.1
113,house,F000043,Chaka,,Fattah,,1956-11-21,PA,D,Yes,2013-01-03,56.1
113,house,W000791,Greg,P.,Walden,,1957-01-10,OR,R,Yes,2013-01-03,56.0
113,house,H001052,Andy,,Harris,,1957-01-25,MD,R,Yes,2013-01-03,55.9
113,house,W000809,Steve,,Womack,,1957-02-18,AR,R,Yes,2013-01-03,55.9
113,house,J000295,David,P.,Joyce,,1957-03-17,OH,R,No,2013-01-03,55.8
113,house,H001036,Jeb,,Hensarling,,1957-05-29,TX,R,Yes,2013-01-03,55.6
113,house,F000448,Trent,,Franks,,1957-06-19,AZ,R,Yes,2013-01-03,55.5
113,house,D000197,Diana,L.,DeGette,,1957-07-29,CO,D,Yes,2013-01-03,55.4
113,house,A000210,Robert,E.,Andrews,,1957-08-04,NJ,D,Yes,2013-01-03,55.4
113,house,R000597,Tom,,Rice,,1957-08-04,SC,R,No,2013-01-03,55.4
113,house,C001075,Bill,,Cassidy,,1957-09-28,LA,R,Yes,2013-01-03,55.3
113,house,B001259,Bruce,L.,Braley,,1957-10-30,IA,D,Yes,2013-01-03,55.2
113,house,S000018,Matt,,Salmon,,1958-01-21,AZ,R,No,2013-01-03,55.0
113,house,B000287,Xavier,,Becerra,,1958-01-26,CA,D,Yes,2013-01-03,54.9
113,house,S000364,John,M.,Shimkus,,1958-02-21,IL,R,Yes,2013-01-03,54.9
113,house,G000556,Alan,,Grayson,,1958-03-13,FL,D,No,2013-01-03,54.8
113,house,G000568,H.,Morgan,Griffith,,1958-03-15,VA,R,Yes,2013-01-03,54.8
113,house,I000057,Steve,J.,Israel,,1958-05-30,NY,D,Yes,2013-01-03,54.6
113,house,A000369,Mark,E.,Amodei,,1958-06-12,NV,R,Yes,2013-01-03,54.6
113,house,P000608,Scott,H.,Peters,,1958-06-17,CA,D,No,2013-01-03,54.5
113,house,W000815,Brad,R.,Wenstrup,,1958-06-17,OH,R,No,2013-01-03,54.5
113,house,E000290,Donna,F.,Edwards,,1958-06-28,MD,D,Yes,2013-01-03,54.5
113,house,T000238,Mac,M.,Thornberry,,1958-07-15,TX,R,Yes,2013-01-03,54.5
113,house,R000575,Mike,,Rogers,,1958-07-16,AL,R,Yes,2013-01-03,54.5
113,house,K000380,Daniel,T.,Kildee,,1958-08-11,MI,D,No,2013-01-03,54.4
113,house,N000186,Alan,,Nunnelee,,1958-10-09,MS,R,Yes,2013-01-03,54.2
113,house,Q000023,Mike,,Quigley,,1958-10-17,IL,D,Yes,2013-01-03,54.2
113,house,G000565,Paul,A.,Gosar,,1958-11-22,AZ,R,Yes,2013-01-03,54.1
113,house,P000595,Gary,C.,Peters,,1958-12-01,MI,D,Yes,2013-01-03,54.1
113,house,R000586,James,B.,Renacci,,1958-12-03,OH,R,Yes,2013-01-03,54.1
113,house,P000604,Donald,M.,Payne,Jr.,1958-12-17,NJ,D,Yes,2013-01-03,54.0
113,house,V000128,Chris,,Van Hollen,Jr.,1959-01-10,MD,D,Yes,2013-01-03,54.0
113,house,W000804,Robert,J.,Wittman,,1959-02-03,VA,R,Yes,2013-01-03,53.9
113,house,M001144,Jeff,,Miller,,1959-06-27,FL,R,Yes,2013-01-03,53.5
113,house,G000548,Scott,,Garrett,,1959-07-09,NJ,R,Yes,2013-01-03,53.5
113,house,T000467,Glenn,,Thompson,,1959-07-27,PA,R,Yes,2013-01-03,53.4
113,house,M001187,Mark,,Meadows,,1959-07-28,NC,R,No,2013-01-03,53.4
113,house,E000293,Elizabeth,H.,Esty,,1959-08-25,CT,D,No,2013-01-03,53.4
113,house,H001038,Brian,M.,Higgins,,1959-10-06,NY,D,Yes,2013-01-03,53.2
113,house,R000593,Dennis,A.,Ross,,1959-10-18,FL,R,Yes,2013-01-03,53.2
113,house,L000580,Michelle,,Lujan Grisham,,1959-10-24,NM,D,No,2013-01-03,53.2
113,house,B001244,Jo,,Bonner,,1959-11-19,AL,R,Yes,2013-01-03,53.1
113,house,M000312,James,P.,McGovern,,1959-11-20,MA,D,Yes,2013-01-03,53.1
113,house,L000491,Frank,D.,Lucas,,1960-01-06,OK,R,Yes,2013-01-03,53.0
113,house,S000030,Loretta,B.,Sanchez,,1960-01-07,CA,D,Yes,2013-01-03,53.0
113,house,T000463,Michael,R.,Turner,,1960-01-11,OH,R,Yes,2013-01-03,53.0
113,house,M001142,Jim,,Matheson,,1960-03-21,UT,D,Yes,2013-01-03,52.8
113,house,D000604,Charles,W.,Dent,,1960-05-24,PA,R,Yes,2013-01-03,52.6
113,house,S000051,Marshall,,Sanford,,1960-05-28,SC,R,No,2013-01-03,52.6
113,house,R000589,E.,Scott,Rigell,,1960-05-28,VA,R,Yes,2013-01-03,52.6
113,house,S001150,Adam,B.,Schiff,,1960-06-22,CA,D,Yes,2013-01-03,52.5
113,house,L000578,Doug,,LaMalfa,,1960-07-02,CA,R,No,2013-01-03,52.5
113,house,S001192,Chris,,Stewart,,1960-07-15,UT,R,No,2013-01-03,52.5
113,house,B001284,Susan,W.,Brooks,,1960-08-25,IN,R,No,2013-01-03,52.4
113,house,H001053,Vicky,,Hartzler,,1960-10-13,MO,R,Yes,2013-01-03,52.2
113,house,T000472,Mark,,Takano,,1960-12-10,CA,D,No,2013-01-03,52.1
113,house,F000449,Jeff,Lane,Fortenberry,,1960-12-27,NE,R,Yes,2013-01-03,52.0
113,house,S001154,Bill,,Shuster,,1961-01-10,PA,R,Yes,2013-01-03,52.0
113,house,C001096,Kevin,,Cramer,,1961-01-21,ND,R,No,2013-01-03,52.0
113,house,V000130,Juan,,Vargas,,1961-03-07,CA,D,No,2013-01-03,51.8
113,house,C001090,Matthew,A.,Cartwright,,1961-05-01,PA,D,No,2013-01-03,51.7
113,house,C001084,David,N.,Cicilline,,1961-07-15,RI,D,Yes,2013-01-03,51.5
113,house,S001190,Bradley,S.,Schneider,,1961-08-20,IL,D,No,2013-01-03,51.4
113,house,R000580,Peter,J.,Roskam,,1961-09-13,IL,R,Yes,2013-01-03,51.3
113,house,D000600,Mario,,Diaz-Balart,,1961-09-25,FL,R,Yes,2013-01-03,51.3
113,house,B001286,Cheri,,Bustos,,1961-10-17,IL,D,No,2013-01-03,51.2
113,house,H001055,Joseph,J.,Heck,,1961-10-30,NV,R,Yes,2013-01-03,51.2
113,house,G000572,Pete,P.,Gallego,,1961-12-02,TX,D,No,2013-01-03,51.1
113,house,F000460,Blake,,Farenthold,,1961-12-12,TX,R,Yes,2013-01-03,51.1
113,house,M001157,Michael,T.,McCaul,,1962-01-14,TX,R,Yes,2013-01-03,51.0
113,house,T000459,Lee,R.,Terry,,1962-01-29,NE,R,Yes,2013-01-03,50.9
113,house,D000617,Suzan,K.,DelBene,,1962-02-17,WA,D,Yes,2013-01-03,50.9
113,house,S001183,David,,Schweikert,,1962-03-03,AZ,R,Yes,2013-01-03,50.8
113,house,C001038,Joseph,,Crowley,,1962-03-16,NY,D,Yes,2013-01-03,50.8
113,house,R000598,Keith,J.,Rothfus,,1962-04-25,PA,R,No,2013-01-03,50.7
113,house,S001168,John,P.,Sarbanes,,1962-05-22,MD,D,Yes,2013-01-03,50.6
113,house,P000605,Scott,,Perry,,1962-05-27,PA,R,No,2013-01-03,50.6
113,house,B001275,Larry,,Bucshon,,1962-05-31,IN,R,Yes,2013-01-03,50.6
113,house,D000618,Steve,,Daines,,1962-08-20,MT,R,No,2013-01-03,50.4
113,house,W000812,Ann,,Wagner,,1962-09-13,MO,R,No,2013-01-03,50.3
113,house,F000459,Charles,J.,Fleischmann,,1962-10-11,TN,R,Yes,2013-01-03,50.2
113,house,T000462,Patrick,J.,Tiberi,,1962-10-21,OH,R,Yes,2013-01-03,50.2
113,house,O000168,Pete,,Olson,,1962-12-09,TX,R,Yes,2013-01-03,50.1
113,house,B001257,Gus,M.,Bilirakis,,1963-02-08,FL,R,Yes,2013-01-03,49.9
113,house,V000132,Filemon,,Vela,,1963-02-13,TX,D,No,2013-01-03,49.9
113,house,K000188,Ron,James,Kind,,1963-03-16,WI,D,Yes,2013-01-03,49.8
113,house,C001097,Tony,,Cárdenas,,1963-03-31,CA,D,No,2013-01-03,49.8
113,house,D000620,John,K.,Delaney,,1963-04-16,MD,D,No,2013-01-03,49.7
113,house,R000572,Mike,,Rogers,,1963-06-02,MI,R,Yes,2013-01-03,49.6
113,house,C001046,Eric,I.,Cantor,,1963-06-06,VA,R,Yes,2013-01-03,49.6
113,house,J000290,Lynn,,Jenkins,,1963-06-10,KS,R,Yes,2013-01-03,49.6
113,house,F000451,Michael,G.,Fitzpatrick,,1963-06-28,PA,R,Yes,2013-01-03,49.5
113,house,C001101,Katherine,M.,Clark,,1963-07-17,MA,D,No,2013-01-03,49.5
113,house,E000288,Keith,Maurice,Ellison,,1963-08-04,MN,D,Yes,2013-01-03,49.4
113,house,W000813,Jackie,,Walorski,,1963-08-17,IN,R,No,2013-01-03,49.4
113,house,G000573,Joe,,Garcia,,1963-10-19,FL,D,No,2013-01-03,49.2
113,house,G000546,Sam,B.,Graves,,1963-11-07,MO,R,Yes,2013-01-03,49.2
113,house,P000602,Mike,,Pompeo,,1963-12-30,KS,R,Yes,2013-01-03,49.0
113,house,E000291,Renee,L.,Ellmers,,1964-02-09,NC,R,Yes,2013-01-03,48.9
113,house,J000289,Jim,,Jordan,,1964-02-17,OH,R,Yes,2013-01-03,48.9
113,house,H001068,Jared,,Huffman,,1964-02-18,CA,D,No,2013-01-03,48.9
113,house,G000558,Brett,,Guthrie,,1964-02-18,KY,R,Yes,2013-01-03,48.9
113,house,D000616,Scott,,DesJarlais,,1964-02-21,TN,R,Yes,2013-01-03,48.9
113,house,W000799,Timothy,James,Walz,,1964-04-06,MN,D,Yes,2013-01-03,48.7
113,house,L000559,James,R.,Langevin,,1964-04-22,RI,D,Yes,2013-01-03,48.7
113,house,G000564,Christopher,P.,Gibson,,1964-05-13,NY,R,Yes,2013-01-03,48.6
113,house,P000607,Mark,,Pocan,,1964-08-14,WI,D,No,2013-01-03,48.4
113,house,G000566,Trey,,Gowdy,,1964-08-22,SC,R,Yes,2013-01-03,48.4
113,house,C001067,Yvette,D.,Clarke,,1964-11-21,NY,D,Yes,2013-01-03,48.1
113,house,S001185,Terri,A.,Sewell,,1965-01-01,AL,D,Yes,2013-01-03,48.0
113,house,M001165,Kevin,,McCarthy,,1965-01-26,CA,R,Yes,2013-01-03,47.9
113,house,B001287,Ami,,Bera,,1965-03-02,CA,D,No,2013-01-03,47.8
113,house,S001187,Steve,,Stivers,,1965-03-24,OH,R,Yes,2013-01-03,47.8
113,house,P000594,Erik,,Paulsen,,1965-05-14,MN,R,Yes,2013-01-03,47.6
113,house,L000560,Rick,,Larsen,,1965-06-15,WA,D,Yes,2013-01-03,47.6
113,house,S000510,Adam,,Smith,,1965-06-15,WA,D,Yes,2013-01-03,47.6
113,house,A000055,Robert,B.,Aderholt,,1965-07-22,AL,R,Yes,2013-01-03,47.5
113,house,S001176,Steve,Joseph,Scalise,,1965-10-06,LA,R,Yes,2013-01-03,47.2
113,house,S001186,Steve,,Southerland,,1965-10-10,FL,R,Yes,2013-01-03,47.2
113,house,D000615,Jeff,,Duncan,,1966-01-07,SC,R,Yes,2013-01-03,47.0
113,house,C001087,Eric,A.,Crawford,,1966-01-22,AR,R,Yes,2013-01-03,46.9
113,house,H001059,Randy,,Hultgren,,1966-03-01,IL,R,Yes,2013-01-03,46.8
113,house,D000610,Theodore,E.,Deutch,,1966-05-07,FL,D,Yes,2013-01-03,46.7
113,house,H001047,James,A.,Himes,,1966-07-05,CT,D,Yes,2013-01-03,46.5
113,house,L000563,Daniel,William,Lipinski,,1966-07-15,IL,D,Yes,2013-01-03,46.5
113,house,M001185,Sean,Patrick,Maloney,,1966-07-30,NY,D,No,2013-01-03,46.4
113,house,C001093,Doug,,Collins,,1966-08-16,GA,R,No,2013-01-03,46.4
113,house,C001066,Kathy,,Castor,,1966-08-20,FL,D,Yes,2013-01-03,46.4
113,house,W000797,Debbie,,Wasserman Schultz,,1966-09-27,FL,D,Yes,2013-01-03,46.3
113,house,C001076,Jason,,Chaffetz,,1967-03-26,UT,R,Yes,2013-01-03,45.8
113,house,M001182,Mick,,Mulvaney,,1967-07-21,SC,R,Yes,2013-01-03,45.5
113,house,D000612,Jeff,,Denham,,1967-07-29,CA,R,Yes,2013-01-03,45.4
113,house,L000573,Raúl,R.,Labrador,,1967-12-08,ID,R,Yes,2013-01-03,45.1
113,house,L000575,James,,Lankford,,1968-03-04,OK,R,Yes,2013-01-03,44.8
113,house,D000622,Tammy,,Duckworth,,1968-03-12,IL,D,No,2013-01-03,44.8
113,house,H001065,George,,Holding,,1968-04-17,NC,R,No,2013-01-03,44.7
113,house,M001171,Daniel,B.,Maffei,,1968-07-04,NY,D,No,2013-01-03,44.5
113,house,G000567,Tim,,Griffin,,1968-08-21,AR,R,Yes,2013-01-03,44.4
113,house,H001057,Tim,,Huelskamp,,1968-11-11,KS,R,Yes,2013-01-03,44.1
113,house,S001156,Linda,T.,Sánchez,,1969-01-28,CA,D,Yes,2013-01-03,43.9
113,house,H001058,Bill,,Huizenga,,1969-01-31,MI,R,Yes,2013-01-03,43.9
113,house,M001189,Luke,,Messer,,1969-02-27,IN,R,No,2013-01-03,43.8
113,house,M001159,Cathy,,McMorris Rodgers,,1969-05-22,WA,R,Yes,2013-01-03,43.6
113,house,H001060,Robert,,Hurt,,1969-06-16,VA,R,Yes,2013-01-03,43.6
113,house,S001189,Austin,,Scott,,1969-12-10,GA,R,Yes,2013-01-03,43.1
113,house,D000619,Rodney,,Davis,,1970-01-05,IL,R,No,2013-01-03,43.0
113,house,R000570,Paul,D.,Ryan,,1970-01-29,WI,R,Yes,2013-01-03,42.9
113,house,G000560,Tom,,Graves,,1970-02-03,GA,R,Yes,2013-01-03,42.9
113,house,G000569,Michael,G.,Grimm,,1970-02-07,NY,R,Yes,2013-01-03,42.9
113,house,R000592,Todd,,Rokita,,1970-02-09,IN,R,Yes,2013-01-03,42.9
113,house,W000810,Rob,,Woodall,,1970-02-11,GA,R,Yes,2013-01-03,42.9
113,house,P000601,Steven,M.,Palazzo,,1970-02-21,MS,R,Yes,2013-01-03,42.9
113,house,J000294,Hakeem,S.,Jeffries,,1970-08-04,NY,D,No,2013-01-03,42.4
113,house,R000583,Thomas,J.,Rooney,,1970-11-21,FL,R,Yes,2013-01-03,42.1
113,house,S001172,Adrian,,Smith,,1970-12-19,NE,R,Yes,2013-01-03,42.0
113,house,V000131,Marc,A.,Veasey,,1971-01-03,TX,D,No,2013-01-03,42.0
113,house,M001184,Thomas,,Massie,,1971-01-13,KY,R,Yes,2013-01-03,42.0
113,house,D000614,Sean,P.,Duffy,,1971-10-03,WI,R,Yes,2013-01-03,41.3
113,house,H001067,Richard,,Hudson,,1971-11-04,NC,R,No,2013-01-03,41.2
113,house,R000585,Tom,W.,Reed,II,1971-11-18,NY,R,Yes,2013-01-03,41.1
113,house,N000184,Kristi,L.,Noem,,1971-11-30,SD,R,Yes,2013-01-03,41.1
113,house,L000570,Ben,Ray,Luján,,1972-06-07,NM,D,Yes,2013-01-03,40.6
113,house,Y000064,Todd,C.,Young,,1972-08-24,IN,R,Yes,2013-01-03,40.4
113,house,R000599,Raul,,Ruiz,,1972-08-25,CA,D,No,2013-01-03,40.4
113,house,O000170,Beto,,O'Rourke,,1972-09-26,TX,D,No,2013-01-03,40.3
113,house,F000458,Stephen,Lee,Fincher,,1973-02-07,TN,R,Yes,2013-01-03,39.9
113,house,H001066,Steven,A.,Horsford,,1973-04-29,NV,D,No,2013-01-03,39.7
113,house,R000577,Tim,J.,Ryan,,1973-07-16,OH,D,Yes,2013-01-03,39.5
113,house,B001282,Garland,,Barr,,1973-07-24,KY,R,No,2013-01-03,39.4
113,house,R000588,Cedric,L.,Richmond,,1973-09-13,LA,D,Yes,2013-01-03,39.3
113,house,N000181,Devin,G.,Nunes,,1973-10-01,CA,R,Yes,2013-01-03,39.3
113,house,R000594,Jon,,Runyan,,1973-11-27,NJ,R,Yes,2013-01-03,39.1
113,house,K000381,Derek,,Kilmer,,1974-01-01,WA,D,No,2013-01-03,39.0
113,house,M001192,Vance,,McAllister,,1974-01-07,LA,R,No,2013-01-03,39.0
113,house,G000562,Cory,,Gardner,,1974-08-22,CO,R,Yes,2013-01-03,38.4
113,house,C001091,Joaquin,,Castro,,1974-09-16,TX,D,No,2013-01-03,38.3
113,house,C001072,André,,Carson,,1974-10-16,IN,D,Yes,2013-01-03,38.2
113,house,P000598,Jared,,Polis,,1975-05-12,CO,D,Yes,2013-01-03,37.6
113,house,B001283,Jim,,Bridenstine,,1975-06-15,OK,R,No,2013-01-03,37.6
113,house,M001188,Grace,,Meng,,1975-10-01,NY,D,No,2013-01-03,37.3
113,house,M001156,Patrick,T.,McHenry,,1975-10-22,NC,R,Yes,2013-01-03,37.2
113,house,Y000063,Kevin,,Yoder,,1976-01-08,KS,R,Yes,2013-01-03,37.0
113,house,R000596,Trey,,Radel,,1976-04-20,FL,R,No,2013-01-03,36.7
113,house,S001191,Kyrsten,,Sinema,,1976-07-12,AZ,D,No,2013-01-03,36.5
113,house,R000591,Martha,,Roby,,1976-07-27,AL,R,Yes,2013-01-03,36.4
113,house,S001188,Marlin,A.,Stutzman,,1976-08-31,IN,R,Yes,2013-01-03,36.3
113,house,H001048,Duncan,D.,Hunter,,1976-12-07,CA,R,Yes,2013-01-03,36.1
113,house,V000129,David,G.,Valadao,,1977-04-14,CA,R,No,2013-01-03,35.7
113,house,C001095,Tom,,Cotton,,1977-05-13,AR,R,No,2013-01-03,35.6
113,house,M001190,Markwayne,,Mullin,,1977-07-26,OK,R,No,2013-01-03,35.4
113,house,K000378,Adam,,Kinzinger,,1978-02-27,IL,R,Yes,2013-01-03,34.9
113,house,D000621,Ron,,DeSantis,,1978-09-14,FL,R,No,2013-01-03,34.3
113,house,H001056,Jaime,,Herrera Beutler,,1978-11-03,WA,R,Yes,2013-01-03,34.2
113,house,A000367,Justin,,Amash,,1980-04-18,MI,R,Yes,2013-01-03,32.7
113,house,S001195,Jason,T.,Smith,,1980-06-16,MO,R,No,2013-01-03,32.6
113,house,K000379,Joseph,P.,Kennedy,III,1980-10-04,MA,D,No,2013-01-03,32.2
113,house,S001193,Eric,,Swalwell,,1980-11-16,CA,D,No,2013-01-03,32.1
113,house,G000571,Tulsi,,Gabbard,,1981-04-12,HI,D,No,2013-01-03,31.7
113,house,S001179,Aaron,,Schock,,1981-05-28,IL,R,Yes,2013-01-03,31.6
113,house,M001191,Patrick,,Murphy,,1983-03-30,FL,D,No,2013-01-03,29.8
113,senate,F000062,Dianne,,Feinstein,,1933-06-22,CA,D,Yes,2013-01-03,79.5
113,senate,G000386,Charles,E.,Grassley,,1933-09-17,IA,R,Yes,2013-01-03,79.3
113,senate,H000338,Orrin,G.,Hatch,,1934-03-22,UT,R,Yes,2013-01-03,78.8
113,senate,S000320,Richard,C.,Shelby,,1934-05-06,AL,R,Yes,2013-01-03,78.7
113,senate,L000261,Carl,,Levin,,1934-06-28,MI,D,Yes,2013-01-03,78.5
113,senate,I000024,James,M.,Inhofe,,1934-11-17,OK,R,Yes,2013-01-03,78.1
113,senate,R000307,Pat,,Roberts,,1936-04-20,KS,R,Yes,2013-01-03,76.7
113,senate,M000702,Barbara,A.,Mikulski,,1936-07-20,MD,D,Yes,2013-01-03,76.5
113,senate,M000303,John,S.,McCain,,1936-08-29,AZ,R,Yes,2013-01-03,76.3
113,senate,R000361,John,D.,Rockefeller,IV,1937-06-18,WV,D,Yes,2013-01-03,75.5
113,senate,C000567,Thad,,Cochran,,1937-12-07,MS,R,Yes,2013-01-03,75.1
113,senate,H000206,Thomas,,Harkin,,1939-11-19,IA,D,Yes,2013-01-03,73.1
113,senate,R000146,Harry,M.,Reid,,1939-12-02,NV,D,Yes,2013-01-03,73.1
113,senate,L000174,Patrick,J.,Leahy,,1940-03-31,VT,D,Yes,2013-01-03,72.8
113,senate,A000360,Lamar,,Alexander,,1940-07-03,TN,R,Yes,2013-01-03,72.5
113,senate,B000711,Barbara,,Boxer,,1940-11-11,CA,D,Yes,2013-01-03,72.1
113,senate,S000033,Bernard,,Sanders,,1941-09-08,VT,I,Yes,2013-01-03,71.3
113,senate,M000355,Mitch,,McConnell,,1942-02-20,KY,R,Yes,2013-01-03,70.9
113,senate,N000032,Bill,,Nelson,,1942-09-29,FL,D,Yes,2013-01-03,70.3
113,senate,R000584,James,,Risch,,1943-05-03,ID,R,Yes,2013-01-03,69.7
113,senate,C000542,Daniel,Ray,Coats,,1943-05-16,IN,R,Yes,2013-01-03,69.6
113,senate,C000141,Benjamin,L.,Cardin,,1943-10-05,MD,D,Yes,2013-01-03,69.2
113,senate,C000286,Saxby,,Chambliss,,1943-11-10,GA,R,Yes,2013-01-03,69.1
113,senate,E000285,Michael,B.,Enzi,,1944-02-01,WY,R,Yes,2013-01-03,68.9
113,senate,K000383,Angus,,King,,1944-03-31,ME,I,No,2013-01-03,68.8
113,senate,D000563,Richard,J.,Durbin,,1944-11-21,IL,D,Yes,2013-01-03,68.1
113,senate,I000055,John,H.,Isakson,,1944-12-28,GA,R,Yes,2013-01-03,68.0
113,senate,B001277,Richard,,Blumenthal,,1946-02-13,CT,D,Yes,2013-01-03,66.9
113,senate,M000133,Edward,J.,Markey,,1946-07-11,MA,D,Yes,2013-01-03,66.5
113,senate,S001141,Jefferson,B.,Sessions,,1946-12-24,AL,R,Yes,2013-01-03,66.0
113,senate,J000177,Tim,P.,Johnson,,1946-12-28,SD,D,Yes,2013-01-03,66.0
113,senate,C000174,Thomas,Richard,Carper,,1947-01-23,DE,D,Yes,2013-01-03,65.9
113,senate,S001181,Jeanne,,Shaheen,,1947-01-28,NH,D,Yes,2013-01-03,65.9
113,senate,M001183,Joe,,Manchin,III,1947-08-24,WV,D,Yes,2013-01-03,65.4
113,senate,H001042,Mazie,K.,Hirono,,1947-11-03,HI,D,Yes,2013-01-03,65.2
113,senate,C000560,Thomas,A.,Coburn,,1948-03-14,OK,R,Yes,2013-01-03,64.8
113,senate,U000039,Tom,S.,Udall,,1948-05-18,NM,D,Yes,2013-01-03,64.6
113,senate,W000779,Ron,,Wyden,,1949-05-03,OR,D,Yes,2013-01-03,63.7
113,senate,W000817,Elizabeth,,Warren,,1949-06-22,MA,D,No,2013-01-03,63.5
113,senate,R000122,John,F.,Reed,,1949-11-12,RI,D,Yes,2013-01-03,63.1
113,senate,B000575,Roy,,Blunt,,1950-01-10,MO,R,Yes,2013-01-03,63.0
113,senate,S000770,Debbie,Ann,Stabenow,,1950-04-29,MI,D,Yes,2013-01-03,62.7
113,senate,J000291,Mike,,Johanns,,1950-06-18,NE,R,Yes,2013-01-03,62.5
113,senate,U000038,Mark,E.,Udall,,1950-07-18,CO,D,Yes,2013-01-03,62.5
113,senate,M001111,Patty,,Murray,,1950-10-11,WA,D,Yes,2013-01-03,62.2
113,senate,S000148,Charles,E.,Schumer,,1950-11-23,NY,D,Yes,2013-01-03,62.1
113,senate,B001236,John,,Boozman,,1950-12-10,AR,R,Yes,2013-01-03,62.1
113,senate,F000463,Deb,,Fischer,,1951-03-01,NE,R,No,2013-01-03,61.8
113,senate,C000880,Michael,D.,Crapo,,1951-05-20,ID,R,Yes,2013-01-03,61.6
113,senate,F000457,Alan,Stuart,Franken,,1951-05-21,MN,D,Yes,2013-01-03,61.6
113,senate,W000437,Roger,F.,Wicker,,1951-07-05,MS,R,Yes,2013-01-03,61.5
113,senate,C001056,John,,Cornyn,,1952-02-02,TX,R,Yes,2013-01-03,60.9
113,senate,B001261,John,A.,Barrasso,,1952-07-21,WY,R,Yes,2013-01-03,60.5
113,senate,C001071,Bob,,Corker,,1952-08-24,TN,R,Yes,2013-01-03,60.4
113,senate,B000944,Sherrod,,Brown,,1952-11-09,OH,D,Yes,2013-01-03,60.2
113,senate,C001035,Susan,M.,Collins,,1952-12-07,ME,R,Yes,2013-01-03,60.1
113,senate,H001049,Kay,,Hagan,,1953-05-26,NC,D,Yes,2013-01-03,59.6
113,senate,M001170,Claire,,McCaskill,,1953-07-24,MO,D,Yes,2013-01-03,59.4
113,senate,M000639,Robert,,Menéndez,,1954-01-01,NJ,D,Yes,2013-01-03,59.0
113,senate,M000934,Jerry,,Moran,,1954-05-29,KS,R,Yes,2013-01-03,58.6
113,senate,W000805,Mark,,Warner,,1954-12-15,VA,D,Yes,2013-01-03,58.1
113,senate,J000293,Ron,,Johnson,,1955-04-08,WI,R,Yes,2013-01-03,57.7
113,senate,G000359,Lindsey,O.,Graham,,1955-07-09,SC,R,Yes,2013-01-03,57.5
113,senate,D000607,Joe,,Donnelly,,1955-09-28,IN,D,Yes,2013-01-03,57.3
113,senate,W000802,Sheldon,,Whitehouse,,1955-10-20,RI,D,Yes,2013-01-03,57.2
113,senate,H001069,Heidi,,Heitkamp,,1955-10-30,ND,D,No,2013-01-03,57.2
113,senate,L000550,Mary,L.,Landrieu,,1955-11-23,LA,D,Yes,2013-01-03,57.1
113,senate,B001135,Richard,M.,Burr,,1955-11-30,NC,R,Yes,2013-01-03,57.1
113,senate,P000449,Robert,J.,Portman,,1955-12-19,OH,R,Yes,2013-01-03,57.0
113,senate,T000464,Jon,,Tester,,1956-08-21,MT,D,Yes,2013-01-03,56.4
113,senate,M001176,Jeff,,Merkley,,1956-10-24,OR,D,Yes,2013-01-03,56.2
113,senate,H001061,John,,Hoeven,,1957-03-13,ND,R,Yes,2013-01-03,55.8
113,senate,M001153,Lisa,A.,Murkowski,,1957-05-22,AK,R,Yes,2013-01-03,55.6
113,senate,K000384,Timothy,,Kaine,,1958-02-26,VA,D,No,2013-01-03,54.9
113,senate,C000127,Maria,,Cantwell,,1958-10-13,WA,D,Yes,2013-01-03,54.2
113,senate,K000360,Mark,Steven,Kirk,,1959-09-15,IL,R,Yes,2013-01-03,53.3
113,senate,C001070,Robert,P.,Casey,Jr.,1960-04-13,PA,D,Yes,2013-01-03,52.7
113,senate,H001041,Dean,,Heller,,1960-05-10,NV,R,Yes,2013-01-03,52.7
113,senate,K000367,Amy,Jean,Klobuchar,,1960-05-25,MN,D,Yes,2013-01-03,52.6
113,senate,W000818,John,E.,Walsh,,1960-11-03,MT,D,No,2013-01-03,52.2
113,senate,T000250,John,,Thune,,1961-01-07,SD,R,Yes,2013-01-03,52.0
113,senate,V000127,David,,Vitter,,1961-05-03,LA,R,Yes,2013-01-03,51.7
113,senate,T000461,Patrick,J.,Toomey,,1961-11-17,PA,R,Yes,2013-01-03,51.1
113,senate,B001230,Tammy,,Baldwin,,1962-02-11,WI,D,Yes,2013-01-03,50.9
113,senate,B001265,Mark,,Begich,,1962-03-30,AK,D,Yes,2013-01-03,50.8
113,senate,F000444,Jeff,,Flake,,1962-12-31,AZ,R,Yes,2013-01-03,50.0
113,senate,P000603,Rand,,Paul,,1963-01-07,KY,R,Yes,2013-01-03,50.0
113,senate,P000590,Mark,,Pryor,,1963-01-10,AR,D,Yes,2013-01-03,50.0
113,senate,C001088,Chris,Andrew,Coons,,1963-09-09,DE,D,Yes,2013-01-03,49.3
113,senate,B001267,Michael,F.,Bennet,,1964-11-28,CO,D,Yes,2013-01-03,48.1
113,senate,S001184,Tim,,Scott,,1965-09-19,SC,R,Yes,2013-01-03,47.3
113,senate,G000555,Kirsten,E.,Gillibrand,,1966-12-09,NY,D,Yes,2013-01-03,46.1
113,senate,A000368,Kelly,,Ayotte,,1968-06-27,NH,R,Yes,2013-01-03,44.5
113,senate,B001288,Cory,Anthony,Booker,,1969-04-27,NJ,D,No,2013-01-03,43.7
113,senate,C001098,Ted,,Cruz,,1970-12-22,TX,R,No,2013-01-03,42.0
113,senate,R000595,Marco,,Rubio,,1971-05-28,FL,R,Yes,2013-01-03,41.6
113,senate,L000577,Mike,,Lee,,1971-06-04,UT,R,Yes,2013-01-03,41.6
113,senate,H001046,Martin,,Heinrich,,1971-10-17,NM,D,Yes,2013-01-03,41.2
113,senate,S001194,Brian,Emanuel,Schatz,,1972-10-20,HI,D,Yes,2013-01-03,40.2
113,senate,M001169,Christopher,S.,Murphy,,1973-08-03,CT,D,Yes,2013-01-03,39.4
113,senate,B000243,Max,S.,Baucus,,1937-12-10,MT,D,Yes,2013-01-03,75.1
113,senate,C001099,William,,Cowan,,1965-04-03,MA,D,No,2013-01-03,47.8
113,senate,C001100,Jeffrey,Scott,Chiesa,,1961-06-21,NJ,R,No,2013-01-03,51.5
113,senate,K000148,John,Forbes,Kerry,,1939-12-10,MA,D,Yes,2013-01-03,73.1
113,senate,L000123,Frank,R.,Lautenberg,,1920-01-22,NJ,D,Yes,2013-01-03,93.0